timestamp_beijing,node_netstat_Tcp_CurrEstab
2025-09-20 07:01:13,12
2025-09-20 07:01:28,15
2025-09-20 07:01:43,15
2025-09-20 07:01:58,15
2025-09-20 07:02:13,15
2025-09-20 07:02:28,15
2025-09-20 07:02:43,15
2025-09-20 07:02:58,15
2025-09-20 07:03:13,15
2025-09-20 07:03:28,15
2025-09-20 07:03:43,15
2025-09-20 07:03:58,15
2025-09-20 07:04:13,15
2025-09-20 07:04:28,15
2025-09-20 07:04:43,15
2025-09-20 07:04:58,15
2025-09-20 07:05:13,15
2025-09-20 07:05:28,15
2025-09-20 07:05:43,15
2025-09-20 07:05:58,15
2025-09-20 07:06:13,15
2025-09-20 07:06:28,15
2025-09-20 07:06:43,15
2025-09-20 07:06:58,15
2025-09-20 07:07:13,15
2025-09-20 07:07:28,15
2025-09-20 07:07:43,15
2025-09-20 07:07:58,15
2025-09-20 07:08:13,15
2025-09-20 07:08:28,15
2025-09-20 07:08:43,15
2025-09-20 07:08:58,15
2025-09-20 07:09:13,15
2025-09-20 07:09:28,15
2025-09-20 07:09:43,7
2025-09-20 07:09:58,15
2025-09-20 07:10:13,15
2025-09-20 07:10:28,15
2025-09-20 07:10:43,15
2025-09-20 07:10:58,15
2025-09-20 07:11:13,15
2025-09-20 07:11:28,15
2025-09-20 07:11:43,15
2025-09-20 07:11:58,15
2025-09-20 07:12:13,15
2025-09-20 07:12:28,15
2025-09-20 07:12:43,7
2025-09-20 07:12:58,15
2025-09-20 07:13:13,15
2025-09-20 07:13:28,15
2025-09-20 07:13:43,15
2025-09-20 07:13:58,15
2025-09-20 07:14:13,15
2025-09-20 07:14:28,15
2025-09-20 07:14:43,15
2025-09-20 07:14:58,15
2025-09-20 07:15:13,15
2025-09-20 07:15:28,15
2025-09-20 07:15:43,15
2025-09-20 07:15:58,15
2025-09-20 07:16:13,15
2025-09-20 07:16:28,15
2025-09-20 07:16:43,15
2025-09-20 07:16:58,15
2025-09-20 07:17:13,15
2025-09-20 07:17:28,15
2025-09-20 07:17:43,15
2025-09-20 07:17:58,15
2025-09-20 07:18:13,15
2025-09-20 07:18:28,15
2025-09-20 07:18:43,15
2025-09-20 07:18:58,15
2025-09-20 07:19:13,15
2025-09-20 07:19:28,15
2025-09-20 07:19:43,15
2025-09-20 07:19:58,15
2025-09-20 07:20:13,15
2025-09-20 07:20:28,15
2025-09-20 07:20:43,7
2025-09-20 07:20:58,15
2025-09-20 07:21:13,15
2025-09-20 07:21:28,15
2025-09-20 07:21:43,15
2025-09-20 07:21:58,15
2025-09-20 07:22:13,15
2025-09-20 07:22:28,15
2025-09-20 07:22:43,15
2025-09-20 07:22:58,15
2025-09-20 07:23:13,15
2025-09-20 07:23:28,15
2025-09-20 07:23:43,15
2025-09-20 07:23:58,15
2025-09-20 07:24:13,15
2025-09-20 07:24:28,15
2025-09-20 07:24:43,15
2025-09-20 07:24:58,15
2025-09-20 07:25:13,15
2025-09-20 07:25:28,15
2025-09-20 07:25:43,15
2025-09-20 07:25:58,15
2025-09-20 07:26:13,15
2025-09-20 07:26:28,15
2025-09-20 07:26:43,15
2025-09-20 07:26:58,15
2025-09-20 07:27:13,15
2025-09-20 07:27:28,15
2025-09-20 07:27:43,15
2025-09-20 07:27:58,15
2025-09-20 07:28:13,15
2025-09-20 07:28:28,15
2025-09-20 07:28:43,15
2025-09-20 07:28:58,15
2025-09-20 07:29:13,15
2025-09-20 07:29:28,15
2025-09-20 07:29:43,15
2025-09-20 07:29:58,15
2025-09-20 07:30:13,15
2025-09-20 07:30:28,15
2025-09-20 07:30:43,15
2025-09-20 07:30:58,18
2025-09-20 07:31:13,16
2025-09-20 07:31:28,16
2025-09-20 07:31:43,16
2025-09-20 07:31:58,17
2025-09-20 07:32:13,15
2025-09-20 07:32:28,15
2025-09-20 07:32:43,15
2025-09-20 07:32:58,15
2025-09-20 07:33:13,15
2025-09-20 07:33:28,15
2025-09-20 07:33:43,15
2025-09-20 07:33:58,15
2025-09-20 07:34:13,15
2025-09-20 07:34:28,15
2025-09-20 07:34:43,15
2025-09-20 07:34:58,15
2025-09-20 07:35:13,13
2025-09-20 07:35:28,15
2025-09-20 07:35:43,15
2025-09-20 07:35:58,15
2025-09-20 07:36:13,15
2025-09-20 07:36:28,15
2025-09-20 07:36:43,15
2025-09-20 07:36:58,15
2025-09-20 07:37:13,15
2025-09-20 07:37:28,15
2025-09-20 07:37:43,15
2025-09-20 07:37:58,15
2025-09-20 07:38:13,15
2025-09-20 07:38:28,15
2025-09-20 07:38:43,15
2025-09-20 07:38:58,15
2025-09-20 07:39:13,15
2025-09-20 07:39:28,15
2025-09-20 07:39:43,15
2025-09-20 07:39:58,15
2025-09-20 07:40:13,15
2025-09-20 07:40:28,15
2025-09-20 07:40:43,15
2025-09-20 07:40:58,16
2025-09-20 07:41:13,15
2025-09-20 07:41:28,15
2025-09-20 07:41:43,15
2025-09-20 07:41:58,15
2025-09-20 07:42:13,15
2025-09-20 07:42:28,15
2025-09-20 07:42:43,15
2025-09-20 07:42:58,15
2025-09-20 07:43:13,14
2025-09-20 07:43:28,13
2025-09-20 07:43:43,15
2025-09-20 07:43:58,15
2025-09-20 07:44:13,15
2025-09-20 07:44:28,15
2025-09-20 07:44:43,15
2025-09-20 07:44:58,15
2025-09-20 07:45:13,15
2025-09-20 07:45:28,15
2025-09-20 07:45:43,15
2025-09-20 07:45:58,15
2025-09-20 07:46:13,15
2025-09-20 07:46:28,15
2025-09-20 07:46:43,15
2025-09-20 07:46:58,15
2025-09-20 07:47:13,15
2025-09-20 07:47:28,15
2025-09-20 07:47:43,15
2025-09-20 07:47:58,15
2025-09-20 07:48:13,15
2025-09-20 07:48:43,15
2025-09-20 07:48:58,15
2025-09-20 07:49:13,15
2025-09-20 07:49:28,15
2025-09-20 07:49:43,15
2025-09-20 07:49:58,15
2025-09-20 07:50:13,15
2025-09-20 07:50:28,15
2025-09-20 07:50:43,15
2025-09-20 07:50:58,15
2025-09-20 07:51:13,15
2025-09-20 07:51:28,15
2025-09-20 07:51:43,15
2025-09-20 07:52:13,15
2025-09-20 07:52:28,15
2025-09-20 07:52:43,15
2025-09-20 07:52:58,15
2025-09-20 07:53:13,15
2025-09-20 07:53:28,15
2025-09-20 07:53:43,15
2025-09-20 07:53:58,15
2025-09-20 07:54:13,15
2025-09-20 07:54:28,15
2025-09-20 07:54:43,15
2025-09-20 07:54:58,15
2025-09-20 07:55:13,15
2025-09-20 07:55:28,15
2025-09-20 07:55:43,15
2025-09-20 07:55:58,15
2025-09-20 07:56:13,15
2025-09-20 07:56:28,15
2025-09-20 07:56:43,15
2025-09-20 07:56:58,15
2025-09-20 07:57:13,15
2025-09-20 07:57:28,15
2025-09-20 07:57:43,15
2025-09-20 07:57:58,15
2025-09-20 07:58:13,15
2025-09-20 07:58:28,7
