timestamp_beijing,node_netstat_TcpExt_SyncookiesRecv
2025-09-20 07:01:13,0
2025-09-20 07:01:28,0
2025-09-20 07:01:43,0
2025-09-20 07:01:58,0
2025-09-20 07:02:13,0
2025-09-20 07:02:28,0
2025-09-20 07:02:43,0
2025-09-20 07:02:58,0
2025-09-20 07:03:13,0
2025-09-20 07:03:28,0
2025-09-20 07:03:43,0
2025-09-20 07:03:58,0
2025-09-20 07:04:13,0
2025-09-20 07:04:28,0
2025-09-20 07:04:43,0
2025-09-20 07:04:58,0
2025-09-20 07:05:13,0
2025-09-20 07:05:28,0
2025-09-20 07:05:43,0
2025-09-20 07:05:58,0
2025-09-20 07:06:13,0
2025-09-20 07:06:28,0
2025-09-20 07:06:43,0
2025-09-20 07:06:58,0
2025-09-20 07:07:13,0
2025-09-20 07:07:28,0
2025-09-20 07:07:43,0
2025-09-20 07:07:58,0
2025-09-20 07:08:13,0
2025-09-20 07:08:28,0
2025-09-20 07:08:43,0
2025-09-20 07:08:58,0
2025-09-20 07:09:13,0
2025-09-20 07:09:28,0
2025-09-20 07:09:43,0
2025-09-20 07:09:58,0
2025-09-20 07:10:13,0
2025-09-20 07:10:28,0
2025-09-20 07:10:43,0
2025-09-20 07:10:58,0
2025-09-20 07:11:13,0
2025-09-20 07:11:28,0
2025-09-20 07:11:43,0
2025-09-20 07:11:58,0
2025-09-20 07:12:13,0
2025-09-20 07:12:28,0
2025-09-20 07:12:43,0
2025-09-20 07:12:58,0
2025-09-20 07:13:13,0
2025-09-20 07:13:28,0
2025-09-20 07:13:43,0
2025-09-20 07:13:58,0
2025-09-20 07:14:13,0
2025-09-20 07:14:28,0
2025-09-20 07:14:43,0
2025-09-20 07:14:58,0
2025-09-20 07:15:13,0
2025-09-20 07:15:28,0
2025-09-20 07:15:43,0
2025-09-20 07:15:58,0
2025-09-20 07:16:13,0
2025-09-20 07:16:28,0
2025-09-20 07:16:43,0
2025-09-20 07:16:58,0
2025-09-20 07:17:13,0
2025-09-20 07:17:28,0
2025-09-20 07:17:43,0
2025-09-20 07:17:58,0
2025-09-20 07:18:13,0
2025-09-20 07:18:28,0
2025-09-20 07:18:43,0
2025-09-20 07:18:58,0
2025-09-20 07:19:13,0
2025-09-20 07:19:28,0
2025-09-20 07:19:43,0
2025-09-20 07:19:58,0
2025-09-20 07:20:13,0
2025-09-20 07:20:28,0
2025-09-20 07:20:43,0
2025-09-20 07:20:58,0
2025-09-20 07:21:13,0
2025-09-20 07:21:28,0
2025-09-20 07:21:43,0
2025-09-20 07:21:58,0
2025-09-20 07:22:13,0
2025-09-20 07:22:28,0
2025-09-20 07:22:43,0
2025-09-20 07:22:58,0
2025-09-20 07:23:13,0
2025-09-20 07:23:28,0
2025-09-20 07:23:43,0
2025-09-20 07:23:58,0
2025-09-20 07:24:13,0
2025-09-20 07:24:28,0
2025-09-20 07:24:43,0
2025-09-20 07:24:58,0
2025-09-20 07:25:13,0
2025-09-20 07:25:28,0
2025-09-20 07:25:43,0
2025-09-20 07:25:58,0
2025-09-20 07:26:13,0
2025-09-20 07:26:28,0
2025-09-20 07:26:43,0
2025-09-20 07:26:58,0
2025-09-20 07:27:13,0
2025-09-20 07:27:28,0
2025-09-20 07:27:43,0
2025-09-20 07:27:58,0
2025-09-20 07:28:13,0
2025-09-20 07:28:28,0
2025-09-20 07:28:43,0
2025-09-20 07:28:58,0
2025-09-20 07:29:13,0
2025-09-20 07:29:28,0
2025-09-20 07:29:43,0
2025-09-20 07:29:58,0
2025-09-20 07:30:13,0
2025-09-20 07:30:28,0
2025-09-20 07:30:43,0
2025-09-20 07:30:58,0
2025-09-20 07:31:13,0
2025-09-20 07:31:28,0
2025-09-20 07:31:43,0
2025-09-20 07:31:58,0
2025-09-20 07:32:13,0
2025-09-20 07:32:28,0
2025-09-20 07:32:43,0
2025-09-20 07:32:58,0
2025-09-20 07:33:13,0
2025-09-20 07:33:28,0
2025-09-20 07:33:43,0
2025-09-20 07:33:58,0
2025-09-20 07:34:13,0
2025-09-20 07:34:28,0
2025-09-20 07:34:43,0
2025-09-20 07:34:58,0
2025-09-20 07:35:13,0
2025-09-20 07:35:28,0
2025-09-20 07:35:43,0
2025-09-20 07:35:58,0
2025-09-20 07:36:13,0
2025-09-20 07:36:28,0
2025-09-20 07:36:43,0
2025-09-20 07:36:58,0
2025-09-20 07:37:13,0
2025-09-20 07:37:28,0
2025-09-20 07:37:43,0
2025-09-20 07:37:58,0
2025-09-20 07:38:13,0
2025-09-20 07:38:28,0
2025-09-20 07:38:43,0
2025-09-20 07:38:58,0
2025-09-20 07:39:13,0
2025-09-20 07:39:28,0
2025-09-20 07:39:43,0
2025-09-20 07:39:58,0
2025-09-20 07:40:13,0
2025-09-20 07:40:28,0
2025-09-20 07:40:43,0
2025-09-20 07:40:58,0
2025-09-20 07:41:13,0
2025-09-20 07:41:28,0
2025-09-20 07:41:43,0
2025-09-20 07:41:58,0
2025-09-20 07:42:13,0
2025-09-20 07:42:28,0
2025-09-20 07:42:43,0
2025-09-20 07:42:58,0
2025-09-20 07:43:13,0
2025-09-20 07:43:28,0
2025-09-20 07:43:43,0
2025-09-20 07:43:58,0
2025-09-20 07:44:13,0
2025-09-20 07:44:28,0
2025-09-20 07:44:43,0
2025-09-20 07:44:58,0
2025-09-20 07:45:13,0
2025-09-20 07:45:28,0
2025-09-20 07:45:43,0
2025-09-20 07:45:58,0
2025-09-20 07:46:13,0
2025-09-20 07:46:28,0
2025-09-20 07:46:43,0
2025-09-20 07:46:58,0
2025-09-20 07:47:13,0
2025-09-20 07:47:28,0
2025-09-20 07:47:43,0
2025-09-20 07:47:58,0
2025-09-20 07:48:13,0
2025-09-20 07:48:43,0
2025-09-20 07:48:58,0
2025-09-20 07:49:13,0
2025-09-20 07:49:28,0
2025-09-20 07:49:43,0
2025-09-20 07:49:58,0
2025-09-20 07:50:13,0
2025-09-20 07:50:28,0
2025-09-20 07:50:43,0
2025-09-20 07:50:58,0
2025-09-20 07:51:13,0
2025-09-20 07:51:28,0
2025-09-20 07:51:43,0
2025-09-20 07:51:58,0
2025-09-20 07:52:28,0
2025-09-20 07:52:43,0
2025-09-20 07:52:58,0
2025-09-20 07:53:13,0
2025-09-20 07:53:28,0
2025-09-20 07:53:43,0
2025-09-20 07:53:58,0
2025-09-20 07:54:13,0
2025-09-20 07:54:28,0
2025-09-20 07:54:43,0
2025-09-20 07:54:58,0
2025-09-20 07:55:13,0
2025-09-20 07:55:28,0
2025-09-20 07:55:43,0
2025-09-20 07:55:58,0
2025-09-20 07:56:13,0
2025-09-20 07:56:28,0
2025-09-20 07:56:58,0
2025-09-20 07:57:13,0
2025-09-20 07:57:28,0
2025-09-20 07:57:43,0
2025-09-20 07:57:58,0
2025-09-20 07:58:13,0
2025-09-20 07:58:28,0
